BTA,StartSNP,EndSNP,SizeSNP,StartPos,EndPos,WinId,varianceexplained
13,16343,16367,25,46079192,47256972,46,0.81507
1,1678,1702,25,143615536,145222792,143,0.62859
6,7620,7644,25,18750621,20374972,18,0.62151
3,4594,4618,25,106389461,108074024,106,0.60955
1,781,805,25,66344261,68227488,66,0.55823
17,20218,20242,25,57228766,59320664,57,0.55443
22,24193,24217,25,51112744,53158683,51,0.55437
10,12954,12978,25,41907778,44103665,41,0.50333
10,12908,12932,25,37352437,39607613,37,0.49558
19,21419,21443,25,19669849,22011112,19,0.48917
2,3006,3030,25,106526130,108369627,106,0.4809
28,27430,27454,25,8405753,10333239,8,0.48048
7,9413,9437,25,56249061,58033649,56,0.46854
3,4432,4456,25,94642183,96729115,94,0.46081
13,16405,16429,25,51415790,53657996,51,0.44379
2,1967,1991,25,5276521,7270116,5,0.43153
6,7490,7514,25,9633428,11301952,9,0.42511
27,27171,27195,25,33501205,35339647,33,0.42256
13,16043,16067,25,18762878,21004145,18,0.40412
22,23690,23714,25,5253524,6678167,5,0.40324
15,18409,18433,25,62176722,64373612,62,0.39824
15,18141,18165,25,37309941,39469268,37,0.39178
15,18447,18471,25,65496837,66868403,65,0.38936
11,14012,14036,25,20755386,22180066,20,0.37753
15,17759,17783,25,5371776,7989843,5,0.36901
7,8995,9019,25,21249976,23426104,21,0.36687
3,4620,4644,25,108129497,109757416,108,0.36147
17,20313,20337,25,64516751,65891668,64,0.35316
9,12057,12081,25,65113143,67301858,65,0.34523
11,14291,14315,25,45130713,47283116,45,0.34216
8,11119,11143,25,93998021,95603538,93,0.33963
28,27341,27365,25,77680,3637555,0,0.33087
18,20867,20891,25,34126956,35761850,34,0.32488
18,20776,20800,25,25471374,26844474,25,0.31746
25,25884,25908,25,21102365,22685521,21,0.31551
7,9298,9322,25,44490836,46626888,44,0.3139
17,20259,20283,25,60612635,62254497,60,0.31069
15,18261,18285,25,47522748,50927481,47,0.30379
17,20402,20426,25,69496828,71503614,69,0.30277
13,16259,16283,25,39270967,40880250,39,0.29794
1,1250,1274,25,108453122,110070985,108,0.29614
4,5019,5043,25,20004627,21413167,20,0.29438
26,26521,26545,25,29838712,31650452,29,0.29119
14,17108,17132,25,24326513,26264142,24,0.29105
1,1364,1388,25,118837556,120625309,118,0.27965
6,8126,8150,25,64542255,66549547,64,0.27947
9,12202,12226,25,82223855,83664370,82,0.27944
24,25256,25280,25,28175885,29553275,28,0.27716
21,23286,23310,25,40681426,42440611,40,0.27569
21,23226,23250,25,35564875,37462320,35,0.2744
3,4043,4067,25,65335142,66653007,65,0.27384
28,27392,27416,25,5818384,7464549,5,0.27351
19,21301,21325,25,9485862,12282205,9,0.27232
5,6650,6674,25,43565856,45774499,43,0.2703
14,16925,16949,25,8984849,10717598,8,0.26972
3,4186,4210,25,76429465,78170557,76,0.26819
6,8066,8090,25,59565686,61810659,59,0.26787
18,21023,21047,25,46875864,48719962,46,0.26787
10,12652,12676,25,13704613,15163788,13,0.26624
6,8321,8345,25,86460153,89479553,86,0.25905
27,27013,27037,25,20962310,22779747,20,0.25871
1,756,780,25,64788160,66230091,64,0.25865
1,1729,1753,25,147358989,148794544,147,0.25816
10,12981,13005,25,44255052,45687660,44,0.25738
2,2795,2819,25,76563133,78533652,76,0.25734
16,18826,18850,25,16152096,19712926,16,0.25692
3,4224,4248,25,79247381,81379707,79,0.25557
23,24490,24514,25,14063300,15406638,14,0.25495
1,223,247,25,21864313,23649052,21,0.25466
9,12024,12048,25,61521049,64229989,61,0.25402
10,12581,12605,25,8255705,11104820,8,0.25375
10,13438,13462,25,85480303,87050505,85,0.25189
18,20909,20933,25,37653387,39772580,37,0.25042
1,1165,1189,25,100237544,102421173,100,0.24579
25,25941,25965,25,25669327,27912102,25,0.2446
6,7547,7571,25,13475512,15003546,13,0.24403
11,14049,14073,25,22783522,24445657,22,0.24125
13,16454,16478,25,56159653,57693460,56,0.23802
29,27885,27909,25,400533,2680682,0,0.23636
10,13284,13308,25,70736766,73655817,70,0.23594
24,25385,25409,25,37566688,39629608,37,0.23408
29,28339,28363,25,41854768,43826144,41,0.23258
15,18375,18399,25,59434020,61444205,59,0.23171
23,24428,24452,25,9104671,11251946,9,0.22926
4,5201,5225,25,35964068,37440961,35,0.22877
3,4011,4035,25,62668669,64428546,62,0.22838
1,1003,1027,25,86753474,88327865,86,0.22795
1,696,720,25,60477492,61936456,60,0.22684
5,6917,6941,25,75684520,77413005,75,0.22683
1,957,981,25,82261456,84269107,82,0.22514
1,1790,1814,25,151693959,153421779,151,0.22484
1,1408,1432,25,122636122,124464855,122,0.22405
20,22817,22841,25,68880282,69916426,68,0.22251
14,16978,17002,25,13023286,15700185,13,0.22238
3,3693,3717,25,30728145,32860177,30,0.2207
10,13192,13216,25,60762753,64316811,60,0.2206
22,24307,24331,25,59836668,61099118,59,0.21894
8,10908,10932,25,76771728,78482209,76,0.21807
22,23903,23927,25,22004775,24538255,22,0.21791
20,22773,22797,25,65637410,67655585,65,0.2172
29,27976,28000,25,8983004,11214685,8,0.21513
2,3261,3285,25,126957475,129053865,126,0.2137
3,4258,4282,25,81945861,84295666,81,0.21294
16,18924,18948,25,27629566,30262349,27,0.20925
7,9219,9243,25,38904457,40617615,38,0.20865
1,1487,1511,25,129125371,131047864,129,0.20693
7,8830,8854,25,3269338,4953801,3,0.20601
23,24555,24579,25,19089496,20267168,19,0.20582
17,20443,20467,25,72579763,74627267,72,0.20533
22,24219,24243,25,53283054,55448106,53,0.20437
28,27599,27623,25,23666465,25771595,23,0.20436
21,23337,23361,25,44634072,47778730,44,0.20265
5,6707,6731,25,50229041,54369185,50,0.20205
17,19764,19788,25,15052590,17257975,15,0.20118
20,22219,22243,25,16756975,18882445,16,0.20097
9,11447,11471,25,8189195,10838261,8,0.20091
1,15,39,25,1359951,2977063,1,0.19979
25,25911,25935,25,22890173,25035637,22,0.19979
8,10643,10667,25,52968995,54841218,52,0.19666
6,8657,8681,25,111177481,112789071,111,0.19642
9,11976,12000,25,58113021,59927094,58,0.19548
10,12535,12559,25,4255382,6003240,4,0.19482
29,28240,28264,25,32833123,34746857,32,0.19482
29,28298,28322,25,37202583,40507958,37,0.19449
1,289,313,25,27145992,29624956,27,0.19424
6,8035,8059,25,55616565,58473731,55,0.19189
6,7908,7932,25,45253378,47032183,45,0.19178
12,14992,15016,25,5587219,9165632,5,0.19072
17,20188,20212,25,55519655,57045290,55,0.19063
21,23035,23059,25,18338067,20216308,18,0.19026
21,23594,23618,25,68683196,70702245,68,0.18953
4,5833,5857,25,89793880,91874324,89,0.18909
15,17978,18002,25,26138126,27291268,26,0.18882
1,1313,1337,25,113346075,116472073,113,0.18656
6,8609,8633,25,108257168,109835444,108,0.18637
7,9957,9981,25,106683467,108408892,106,0.18335
1,1113,1137,25,96582794,98430806,96,0.18321
14,17656,17680,25,79391292,81613196,79,0.18202
1,1049,1073,25,90637000,92687973,90,0.18144
9,11843,11867,25,46662943,49899443,46,0.18143
8,11030,11054,25,86810388,88974063,86,0.18018
6,7403,7427,25,1125213,3430045,1,0.17885
12,15309,15333,25,39538392,45135480,39,0.17719
1,162,186,25,16094228,18099231,16,0.17576
16,19419,19443,25,71125864,72878045,71,0.17531
6,8561,8585,25,104896770,106517122,104,0.17518
11,14139,14163,25,30128818,31571537,30,0.17211
28,27687,27711,25,30201072,33359220,30,0.17012
1,1839,1863,25,155050151,156710174,155,0.16934
2,2196,2220,25,24362479,26108646,24,0.1692
27,26948,26972,25,15884697,17593646,15,0.16894
15,18556,18580,25,74137434,75728915,74,0.16847
19,21379,21403,25,16649459,18255042,16,0.16829
23,24336,24360,25,60163,3387731,0,0.16815
19,21983,22006,24,62177834,64007021,62,0.16775
5,7039,7063,25,88878999,91471989,88,0.16667
21,23112,23136,25,23923849,26715346,23,0.16629
2,2383,2407,25,37729012,40155558,37,0.16596
16,18718,18742,25,3035722,6168426,3,0.16559
1,1214,1238,25,104220701,107217357,104,0.16552
28,27635,27659,25,26818009,27902139,26,0.16547
6,8098,8122,25,62168854,64179687,62,0.16373
15,18665,18689,25,82803742,84987785,82,0.16338
4,5884,5908,25,93685544,95601434,93,0.16276
2,1993,2017,25,7457310,9163293,7,0.16263
8,10283,10307,25,21627091,23994042,21,0.16219
1,594,618,25,51258380,53656600,51,0.16141
29,28437,28461,25,48843374,50569383,48,0.16116
26,26558,26582,25,32670961,34398368,32,0.1602
14,17320,17344,25,47233282,48759237,47,0.16003
3,3725,3749,25,33367402,35210179,33,0.15986
10,13521,13545,25,90954548,92152083,90,0.15985
5,6955,6979,25,79314115,82169774,79,0.1596
16,19280,19304,25,60009076,61791136,60,0.15929
3,4561,4585,25,103448870,105654383,103,0.15909
11,14094,14118,25,26727988,28741505,26,0.15864
27,27211,27235,25,36370570,37897281,36,0.15755
18,20706,20730,25,19918697,22064133,19,0.15662
8,11209,11233,25,101135756,102858846,101,0.15614
5,6776,6800,25,61959204,64973223,61,0.15598
14,17387,17411,25,53246073,55765964,53,0.15564
3,3653,3677,25,26738133,29461800,26,0.15562
11,13704,13728,25,109818,1596001,0,0.15551
9,11409,11433,25,4476378,6262126,4,0.15517
2,2684,2708,25,65345015,67464330,65,0.15428
18,21093,21117,25,52486964,54704168,52,0.15346
24,25618,25642,25,60394194,62052361,60,0.15309
17,20036,20060,25,41584901,43325722,41,0.15287
3,3533,3557,25,13217260,15950208,13,0.15265
8,11003,11027,25,85117915,86669435,85,0.15208
26,26220,26244,25,5094776,7589436,5,0.15206
10,12813,12837,25,28576348,30774096,28,0.15185
3,4103,4127,25,68757647,70218036,68,0.15166
19,21449,21473,25,22346456,24170529,22,0.1511
13,16616,16640,25,67994235,70656675,67,0.15104
23,24519,24543,25,15656140,17927593,15,0.15086
7,9622,9646,25,74632687,76199889,74,0.14997
24,25534,25558,25,52349934,54688033,52,0.14912
11,14825,14849,25,98933313,100810072,98,0.14865
19,21267,21291,25,7273862,8745752,7,0.14858
25,26117,26141,25,38232904,40376753,38,0.14829
22,23793,23817,25,13370087,15037352,13,0.14774
2,3040,3064,25,108999223,110353189,108,0.14725
1,877,901,25,75258338,78034231,75,0.14721
8,10138,10162,25,7684602,9356062,7,0.14675
7,9121,9145,25,31189486,33017653,31,0.14658
15,18089,18113,25,33310389,34946066,33,0.14638
4,4847,4871,25,6604523,7823707,6,0.14612
20,22489,22513,25,42272251,45052283,42,0.14596
27,27295,27319,25,42518482,43901931,42,0.14572
15,18192,18216,25,42261266,43746244,42,0.14508
26,26257,26281,25,8356096,10339734,8,0.14451
25,26046,26070,25,33852697,35164634,33,0.1429
3,4369,4393,25,89738009,91136875,89,0.14278
2,2919,2943,25,94314937,97861814,94,0.14235
6,7874,7898,25,43037439,44672692,43,0.14177
4,5415,5439,25,54083960,56547180,54,0.14173
29,28205,28229,25,29688117,31846063,29,0.14051
24,25562,25586,25,55262870,57316936,55,0.14033
13,15998,16022,25,15017558,17064169,15,0.14026
14,17034,17058,25,18331919,20273115,18,0.13993
5,6621,6645,25,41143539,43315469,41,0.13954
6,7763,7787,25,32293744,35648890,32,0.13854
16,19529,19553,25,78285860,80044633,78,0.138
1,642,666,25,55150553,57623335,55,0.13778
6,7649,7673,25,20693665,22650675,20,0.13766
16,18980,19004,25,32257121,34021608,32,0.13744
2,3137,3161,25,115771013,118217699,115,0.13712
21,22910,22934,25,7861393,9741507,7,0.13688
29,28001,28025,25,11330233,13695183,11,0.13669
10,13021,13045,25,47091630,49132397,47,0.13628
21,22992,23016,25,14280156,16758470,14,0.13567
20,22404,22428,25,36152608,38059359,36,0.13536
19,21476,21500,25,24401822,26182297,24,0.13516
22,23832,23856,25,16531187,18298289,16,0.13496
7,9916,9940,25,102512960,105497808,102,0.13478
20,22185,22209,25,13263157,16269833,13,0.13463
29,28108,28132,25,22203096,24109998,22,0.13418
28,27523,27547,25,16291445,18317414,16,0.1337
1,816,840,25,69244252,71504767,69,0.13287
29,28029,28053,25,14009294,16760748,14,0.13286
9,12433,12457,25,100113691,101909183,100,0.13278
5,7165,7189,25,105082846,107065695,105,0.13276
9,11505,11529,25,14308744,16023448,14,0.13264
6,8006,8030,25,52828988,55384541,52,0.13257
27,26829,26853,25,6866166,9250049,6,0.13238
12,14940,14964,25,860453,3045383,0,0.13199
2,2229,2253,25,26861021,28246133,26,0.13163
24,24940,24964,25,706868,2498535,0,0.13149
4,6107,6131,25,114302482,115775029,114,0.13143
13,16285,16309,25,41023312,43009513,41,0.13139
13,15940,15964,25,9139641,10747684,9,0.131
18,20476,20500,25,1137609,3114628,1,0.13058
4,5932,5956,25,98016975,100706047,98,0.13031
13,15844,15868,25,313308,2153905,0,0.12951
18,20575,20599,25,8592912,10316510,8,0.12927
23,24395,24419,25,6423288,8347642,6,0.12917
9,12088,12112,25,69072417,72331851,69,0.12903
1,1638,1662,25,140596472,142370512,140,0.12852
19,21864,21888,25,54674498,56300082,54,0.12808
29,27914,27938,25,2963181,5062872,2,0.12766
12,15688,15712,25,79170861,80892109,79,0.12761
11,14720,14744,25,88074583,91068648,88,0.12736
12,15356,15380,25,47019009,48780336,47,0.12732
23,24775,24799,25,41141204,42621004,41,0.12725
19,21787,21811,25,49627477,51478494,49,0.12682
18,21131,21155,25,56121920,58067310,56,0.12635
17,20117,20141,25,47484553,49531815,47,0.12557
15,18598,18622,25,76675303,79007295,76,0.12544
18,20647,20671,25,14058919,17048434,14,0.12543
1,1571,1595,25,135269426,137080380,135,0.12523
17,20369,20393,25,67505450,68952931,67,0.1249
1,52,76,25,3687110,5519845,3,0.12457
2,3166,3190,25,118932435,121125169,118,0.12442
20,22711,22735,25,61741696,63083721,61,0.12425
9,11692,11716,25,31457479,32795214,31,0.1237
4,5058,5082,25,22588568,25070421,22,0.12321
17,20286,20310,25,62373110,64281632,62,0.1231
6,7827,7851,25,39816133,41530548,39,0.12295
6,8155,8179,25,66747934,69482838,66,0.12273
15,17794,17818,25,9422834,12465925,9,0.12271
7,9070,9094,25,27497043,28920128,27,0.12216
14,17684,17708,25,81881644,84616190,81,0.12204
10,12769,12793,25,21986516,26767851,21,0.12191
7,8962,8986,25,18158398,20437605,18,0.12136
9,11935,11959,25,54937110,57033506,54,0.12131
21,23145,23169,25,27477084,29808549,27,0.12108
24,25485,25509,25,47529189,49961663,47,0.12041
18,20981,21005,25,42941446,45870264,42,0.12017
9,12368,12392,25,95591202,97397264,95,0.12001
22,24151,24175,25,47416183,48880998,47,0.11963
9,11904,11928,25,52644487,54628399,52,0.11949
26,26324,26348,25,14512486,16393292,14,0.11939
3,4770,4794,25,119113936,121228888,119,0.11926
5,6257,6281,25,3702594,5240327,3,0.11885
7,8787,8811,25,740581,2174260,0,0.1188
18,20746,20770,25,23253048,24897738,23,0.11878
24,25174,25198,25,20398546,22300490,20,0.11854
14,17235,17259,25,35962028,40684301,35,0.11848
3,3939,3963,25,55537894,58933414,55,0.11817
2,2349,2373,25,34329085,36655521,34,0.11799
15,18319,18343,25,54258688,56135629,54,0.11786
8,10354,10378,25,28058435,30129534,28,0.117
5,6592,6616,25,38466360,40692636,38,0.11688
23,24594,24618,25,21748514,23998263,21,0.11654
16,18760,18784,25,9148784,11064988,9,0.11633
8,11335,11359,25,111691426,113118348,111,0.11615
13,16568,16592,25,64399733,66179152,64,0.11588
18,20805,20829,25,27144071,29882606,27,0.11516
25,25995,26019,25,30205226,32089261,30,0.11512
13,16660,16684,25,71766574,73746516,71,0.11508
4,5100,5124,25,26214926,27927889,26,0.11492
9,12469,12493,25,103180423,104730150,103,0.11478
11,14390,14414,25,55809281,58684365,55,0.11453
10,13097,13121,25,52884624,54719607,52,0.11356
25,25858,25882,25,18100055,20953383,18,0.11322
23,24707,24731,25,34020355,37029269,34,0.11308
25,25730,25754,25,7322244,9906629,7,0.11308
19,21937,21961,25,59147851,60637541,59,0.11293
14,17197,17221,25,32107679,34800588,32,0.11263
15,18007,18031,25,27822630,29486499,27,0.11241
24,25332,25356,25,33246227,35403612,33,0.11172
26,26454,26478,25,25314352,26952996,25,0.1117
12,15190,15214,25,26491935,28235757,26,0.11168
20,22151,22175,25,10233876,12265384,10,0.11148
12,15260,15284,25,33343974,35556098,33,0.11126
9,12160,12184,25,77234828,81166662,77,0.11086
2,2649,2673,25,62367003,64375198,62,0.11044
7,9726,9750,25,82977192,84936377,82,0.11033
1,927,951,25,80349645,81859735,80,0.10997
14,17138,17162,25,26800529,29161409,26,0.10954
22,23964,23988,25,29237947,32041036,29,0.10952
1,1867,1890,24,156993660,158229218,156,0.10949
13,16785,16809,25,80540951,81862366,80,0.10948
20,22298,22322,25,24108117,27401701,24,0.10937
18,21185,21209,25,63479109,65174876,63,0.10927
2,2277,2301,25,29509798,31050929,29,0.10925
2,2567,2591,25,54740773,55976443,54,0.10875
10,12847,12871,25,31574360,33385244,31,0.10853
7,10028,10052,25,111383306,112359264,111,0.10806
25,25658,25682,25,687508,2551246,0,0.10774
9,12253,12277,25,86829874,88613272,86,0.1077
2,3207,3231,25,122707290,124108914,122,0.10767
2,2525,2549,25,52339443,53749577,52,0.10739
6,8377,8401,25,91660390,93271051,91,0.10711
11,13917,13941,25,13597473,15462339,13,0.10708
12,15534,15558,25,59557065,61608282,59,0.10701
15,18503,18527,25,69510146,71375213,69,0.10679
7,9574,9598,25,69672142,72473118,69,0.1066
6,7971,7995,25,50316616,52036412,50,0.10622
14,17469,17493,25,61034113,62960995,61,0.10597
14,17620,17644,25,75870850,77853126,75,0.10593
23,24458,24482,25,11599932,13517193,11,0.10583
10,13485,13509,25,88777241,90201001,88,0.10576
12,15392,15416,25,49522021,51165056,49,0.10559
1,257,281,25,24278057,26425477,24,0.10557
25,26077,26101,25,35483804,36818334,35,0.10513
22,24273,24297,25,57059887,58846586,57,0.10511
3,4651,4675,25,110104792,112203165,110,0.10509
14,17576,17600,25,71184631,73248513,71,0.10472
26,26187,26211,25,2519854,4511531,2,0.10448
5,7080,7104,25,94496854,97430973,94,0.10355
4,4967,4991,25,15468000,17482624,15,0.10325
12,15497,15521,25,55837570,57803744,55,0.10304
23,24645,24669,25,27923154,30595850,27,0.10304
11,14341,14365,25,49852621,52491236,49,0.10297
28,27813,27837,25,41403376,42617112,41,0.10296
8,11283,11307,25,106577108,108868929,106,0.10287
10,12678,12702,25,15298290,16854458,15,0.10278
11,14785,14809,25,95150490,97289960,95,0.10269
28,27366,27390,25,3785867,5563242,3,0.10239
24,25210,25234,25,23827359,26410826,23,0.10218
17,20338,20362,25,65923565,67216420,65,0.10191
28,27756,27780,25,36504079,38376643,36,0.1019
2,1930,1954,25,2814353,4421299,2,0.10175
7,9884,9908,25,98534197,101530636,98,0.10144
3,3399,3423,25,535711,2449969,0,0.10131
28,27574,27598,25,21014194,23500352,21,0.10117
13,16368,16392,25,47289669,49300389,47,0.1011
17,20162,20186,25,52960684,55417883,52,0.10107
8,11077,11101,25,90412852,92792703,90,0.10103
20,22088,22112,25,6233716,7601770,6,0.10097
10,13237,13261,25,66735975,68754185,66,0.10078
16,19150,19174,25,48319575,50486976,48,0.10065
27,26977,27001,25,17871967,19438621,17,0.10054
4,4809,4833,25,1845942,4954043,1,0.10021
6,7595,7619,25,16948256,18723072,16,0.10018
27,27105,27129,25,27877165,30445552,27,0.09976
21,23403,23427,25,50861985,53056400,50,0.0997
28,27855,27879,25,43815607,45870946,43,0.09939
2,2035,2059,25,11458935,13941524,11,0.09925
14,17279,17303,25,42508026,45174382,42,0.09924
6,8202,8226,25,72094797,73819092,72,0.09902
11,13942,13966,25,15499838,17238549,15,0.09885
21,22864,22888,25,2151256,4825612,2,0.09885
4,4934,4958,25,12342333,14678414,12,0.09839
2,2821,2845,25,78691609,80889253,78,0.0983
4,5573,5597,25,67313016,69539994,67,0.09778
28,27496,27520,25,14651368,16171405,14,0.09771
8,10070,10094,25,1154683,4047354,1,0.0977
19,21608,21632,25,36004097,37670702,36,0.09684
5,6490,6514,25,27130695,29157172,27,0.09666
13,16157,16181,25,29841640,32151932,29,0.09641
13,16484,16508,25,58207174,59756132,58,0.09635
16,19473,19497,25,74532751,76332415,74,0.09634
7,9797,9821,25,88349672,90562983,88,0.09605
10,13058,13082,25,50185229,51775341,50,0.09576
12,15430,15454,25,51973484,53291067,51,0.09558
2,2463,2487,25,46498119,49175458,46,0.09552
3,4341,4365,25,88279862,89516613,88,0.09551
2,3294,3318,25,129845311,131734005,129,0.09535
16,18897,18921,25,24810362,27527228,24,0.09457
11,14249,14273,25,40101129,43296086,40,0.09442
6,7695,7719,25,24611359,27158687,24,0.09437
20,22562,22586,25,49149560,51314617,49,0.09432
8,10176,10200,25,10600564,13498106,10,0.09398
20,22042,22066,25,3321125,4907906,3,0.0937
10,13621,13645,25,98588493,100418941,98,0.09361
1,669,693,25,57913747,60231667,57,0.09359
19,21337,21361,25,13634621,15594378,13,0.09356
22,23874,23898,25,19749589,21614894,19,0.09321
16,19310,19334,25,62179726,64566814,62,0.09304
29,28082,28106,25,19618823,21828399,19,0.09275
2,2981,3005,25,103890577,106465563,103,0.09274
20,22450,22474,25,39576637,41201777,39,0.0927
19,21714,21738,25,44597888,45976816,44,0.09257
13,16081,16105,25,22720760,25351049,22,0.09255
4,5985,6009,25,103484220,105324609,103,0.09252
14,16897,16921,25,6642970,8385937,6,0.09233
6,8432,8456,25,95572055,97747161,95,0.09183
2,2077,2101,25,15250050,17142680,15,0.09181
6,8724,8748,25,115059679,116443441,115,0.0918
8,11182,11206,25,98967406,100967241,98,0.09168
27,27142,27166,25,31337533,32960445,31,0.09168
21,23200,23224,25,32758644,35371521,32,0.09166
1,1460,1484,25,127166834,129007020,127,0.09161
10,12720,12744,25,18287420,20117400,18,0.09128
20,22523,22547,25,45966446,48003042,45,0.09081
12,15607,15631,25,66773008,68603527,66,0.09076
26,26494,26518,25,28001988,29752189,28,0.09047
1,414,438,25,37174447,39840805,37,0.09032
12,15018,15042,25,9283496,11500999,9,0.09024
4,6151,6175,25,117412387,119041474,117,0.09009
16,19021,19045,25,35272426,37123691,35,0.09009
24,25045,25069,25,8007163,9883335,8,0.09005
10,12502,12526,25,1034726,3274229,1,0.08976
4,5351,5375,25,48408626,50168417,48,0.08951
11,14654,14678,25,81484369,83637998,81,0.08868
3,4740,4764,25,116801749,118397556,116,0.0884
7,9501,9525,25,63682321,65470615,63,0.08831
5,7256,7280,25,111547059,112945811,111,0.0882
2,3355,3379,25,134444007,135642360,134,0.08795
29,28265,28289,25,34813744,36525592,34,0.08775
24,24976,25000,25,3165105,4888852,3,0.0875
10,12627,12651,25,12519179,13684162,12,0.08695
9,12115,12139,25,72670722,75194809,72,0.08676
1,1140,1164,25,98664177,100200649,98,0.08659
14,17435,17459,25,58262807,60333729,58,0.08656
13,16720,16744,25,76330479,77612891,76,0.08653
9,11367,11391,25,918988,2867786,0,0.08536
25,26143,26167,25,40436393,42269092,40,0.08506
19,21230,21254,25,2321350,5825105,2,0.08473
10,13378,13402,25,81091156,83296927,81,0.08419
9,11610,11634,25,23470934,25034961,23,0.08385
5,6982,7006,25,82445649,85672503,82,0.08369
2,2168,2192,25,22151093,23715994,22,0.08354
8,10396,10420,25,31586227,34511209,31,0.08339
19,21575,21599,25,32994382,35528889,32,0.08304
12,15727,15751,25,82159124,84528778,82,0.083
8,10961,10985,25,81220910,83480253,81,0.08275
17,19792,19816,25,17526722,19315294,17,0.08262
20,22637,22661,25,56789221,58027482,56,0.08243
16,19192,19216,25,51661530,54046062,51,0.08224
15,17883,17907,25,18627008,21207529,18,0.08223
4,5134,5158,25,28941423,31882336,28,0.08215
11,14614,14638,25,77484457,79174664,77,0.08203
17,20088,20112,25,45532444,47226145,45,0.08172
2,2416,2440,25,41304807,43436458,41,0.08152
1,1754,1778,25,148816004,150397345,148,0.08151
11,14433,14457,25,60400664,62629106,60,0.08143
8,10544,10568,25,45198512,47179793,45,0.0814
6,7450,7474,25,4916036,8171110,4,0.0811
11,13760,13784,25,3345221,5010099,3,0.08102
11,14693,14717,25,85779114,87824167,85,0.081
5,6536,6560,25,32502917,34101843,32,0.08091
3,4144,4168,25,71563255,74897466,71,0.0807
3,4071,4095,25,66846587,68432145,66,0.08064
27,26916,26940,25,14173400,15565782,14,0.08058
26,26398,26422,25,20065602,22118554,20,0.08051
14,17163,17187,25,29246158,31414135,29,0.07995
16,19053,19077,25,37588148,40001986,37,0.0799
2,3324,3348,25,131994228,133941380,131,0.07989
2,3105,3129,25,113946668,115122795,113,0.07988
20,22336,22360,25,28463308,31704692,28,0.07955
16,19083,19107,25,40846801,43697344,40,0.07954
23,24619,24643,25,24117682,27644218,24,0.07942
10,13318,13342,25,74818051,77947864,74,0.07893
3,3566,3590,25,16734445,20208987,16,0.07889
17,19828,19852,25,20099837,22857773,20,0.07836
3,3864,3888,25,47407040,48600937,47,0.0783
3,4679,4703,25,112416215,114616030,112,0.07824
7,8927,8951,25,14142752,16882597,14,0.07822
7,9987,10011,25,108756176,110259397,108,0.07794
18,20942,20966,25,40246397,41890414,40,0.07778
14,17060,17084,25,20421717,22392760,20,0.07756
5,7126,7150,25,100033129,103821233,100,0.0773
9,12331,12355,25,92490764,94643772,92,0.07719
5,7360,7384,25,118797715,120420253,118,0.07701
4,5244,5268,25,38762924,41178661,38,0.07687
28,27719,27743,25,34066383,35387553,34,0.07682
11,14859,14883,25,101384765,103164589,101,0.07672
14,16841,16865,25,2054457,4336714,2,0.07671
17,19667,19691,25,7527510,9624970,7,0.07644
1,1081,1105,25,93954887,95819377,93,0.07618
15,18044,18068,25,30409179,31984513,30,0.07607
7,9676,9700,25,78936990,80731488,78,0.07598
20,22593,22617,25,51970252,55306754,51,0.07589
5,6413,6437,25,16545450,21389684,16,0.07584
15,17726,17750,25,2491081,4944846,2,0.07584
15,18225,18249,25,44156866,46304593,44,0.07574
29,28057,28081,25,16928540,19376416,16,0.07563
2,2611,2635,25,57800824,60985930,57,0.07561
1,1525,1549,25,132049236,133323967,132,0.07558
10,13126,13150,25,55510249,57518113,55,0.07558
7,9193,9217,25,37124869,38859302,37,0.07531
1,1596,1620,25,137129006,139173490,137,0.07519
4,5598,5622,25,69782727,71899176,69,0.07493
16,18866,18890,25,20985573,23162818,20,0.07477
20,22686,22710,25,59565871,61653010,59,0.07467
4,5273,5297,25,41610894,44177870,41,0.07447
6,7519,7543,25,11570944,13274749,11,0.07407
18,20679,20703,25,17659879,19602600,17,0.07388
16,19366,19390,25,67067114,68949196,67,0.07387
13,16313,16337,25,43501171,45801942,43,0.07383
2,3234,3258,25,124363327,126809260,124,0.07367
28,27549,27573,25,18536733,20988266,18,0.07321
29,28162,28186,25,26438465,28702318,26,0.07321
12,15812,15836,25,88862272,90826206,88,0.07311
11,13858,13882,25,9363209,10985610,9,0.07298
22,23939,23963,25,26256400,29101885,26,0.07221
26,26634,26658,25,39769366,42371025,39,0.07208
10,12878,12902,25,34407598,36978160,34,0.07199
4,5530,5554,25,63139098,66110869,63,0.07197
21,23260,23284,25,38191506,40502782,38,0.07196
19,21666,21690,25,40692429,42636853,40,0.07186
13,15909,15933,25,5871584,8580383,5,0.07184
20,22013,22037,25,676757,2951322,0,0.07167
2,2768,2792,25,72790595,76384320,72,0.07158
3,4283,4307,25,84365910,85901731,84,0.07127
12,15645,15669,25,69389713,77477113,69,0.07098
1,561,585,25,48629895,50680039,48,0.07093
1,727,751,25,62873964,64445959,62,0.07056
14,16953,16977,25,10884437,12934396,10,0.0701
1,1281,1305,25,110781251,112675358,110,0.07006
15,17827,17851,25,13306889,15697628,13,0.07004
7,8894,8918,25,8491850,13632174,8,0.06987
29,28365,28389,25,44050471,45686541,44,0.06982
5,6349,6373,25,9922225,11702152,9,0.06977
4,6013,6037,25,106253833,107985246,106,0.06947
13,16520,16544,25,60326861,62858269,60,0.06944
11,14316,14340,25,47300300,49824565,47,0.06915
27,26889,26913,25,12457385,14053471,12,0.06907
23,24805,24829,25,43088897,45048666,43,0.06896
11,14194,14218,25,34517035,37110008,34,0.06889
22,24026,24050,25,36548339,38759273,36,0.0687
23,24676,24700,25,31142042,33296630,31,0.06849
19,21896,21920,25,56775870,58059730,56,0.06844
17,19709,19733,25,10594226,12338763,10,0.06836
9,11660,11684,25,28108927,30612205,28,0.06835
20,22120,22144,25,8237137,9574408,8,0.06799
20,22254,22278,25,19520788,21967184,19,0.06784
5,7320,7344,25,116167919,118014757,116,0.06765
1,367,391,25,33509735,35367693,33,0.06753
8,10806,10830,25,67131705,69431109,67,0.0675
3,3442,3466,25,4279731,5940341,4,0.06743
11,14754,14778,25,91875823,94494230,91,0.06725
2,1893,1917,25,238962,1524538,0,0.06698
28,27465,27489,25,11743764,14373984,11,0.06664
8,10247,10271,25,19014469,20639085,19,0.06661
2,2324,2348,25,32305832,34258157,32,0.06649
3,4457,4481,25,96751550,98329782,96,0.06642
23,24849,24873,25,46672013,48253839,46,0.06627
12,15098,15122,25,16035681,17546998,16,0.06611
3,3837,3861,25,44343757,47227363,44,0.0658
12,15219,15243,25,28828116,31087128,28,0.06535
4,5858,5882,25,91899978,93516494,91,0.06527
25,25700,25724,25,4589105,6579959,4,0.06523
13,15875,15899,25,2606402,4851794,2,0.06513
8,10883,10907,25,74949334,76738695,74,0.06497
1,1339,1363,25,116582598,118815770,116,0.06485
27,27073,27097,25,25392013,27089350,25,0.06446
15,17949,17973,25,24021537,25925175,24,0.06408
1,1435,1459,25,124785274,127112983,124,0.06398
15,18350,18374,25,57096106,59296431,57,0.06379
17,19952,19976,25,32762909,34078461,32,0.06375
13,15965,15989,25,10926940,13706672,10,0.06347
5,6676,6700,25,45891564,49154699,45,0.06317
23,24739,24763,25,37654124,40525915,37,0.06286
1,489,513,25,43092980,44813737,43,0.06281
3,4406,4430,25,92427474,94558099,92,0.0628
6,8497,8521,25,100565163,101800858,100,0.06276
15,18531,18555,25,71532001,74077757,71,0.06264
18,20834,20858,25,31587185,33749406,31,0.06253
24,25460,25484,25,45471120,47413118,45,0.06236
25,25759,25783,25,10254815,11937399,10,0.06224
3,4513,4537,25,100442675,101942771,100,0.0622
9,12304,12328,25,90690991,92300111,90,0.0622
21,23442,23466,25,55375347,57848290,55,0.06196
8,10510,10534,25,42375411,44674742,42,0.06139
4,5306,5330,25,44884299,46484672,44,0.06111
17,19858,19882,25,23694684,26712567,23,0.06089
7,9096,9120,25,29124010,31164207,29,0.06034
21,23067,23091,25,20953894,22215439,20,0.06009
20,22374,22398,25,33524321,35511396,33,0.05985
3,3753,3777,25,35862406,39273428,35,0.05982
10,13678,13702,25,102849006,104136694,102,0.05976
21,23378,23402,25,49165337,50741916,49,0.05971
4,5714,5738,25,79904993,81916729,79,0.05953
18,20549,20573,25,6776532,8438957,6,0.05947
24,25593,25617,25,57764032,60208205,57,0.05919
9,11771,11795,25,37269912,40088647,37,0.05886
16,19242,19266,25,56803437,58941100,56,0.05874
26,26744,26768,25,49115192,51376213,49,0.05863
2,3068,3092,25,110642302,112819932,110,0.05844
2,2709,2733,25,67484628,69511580,67,0.05757
16,18788,18812,25,11457289,14182644,11,0.05742
4,6038,6062,25,108008548,110839255,108,0.05723
10,13574,13598,25,94258071,96641408,94,0.05692
23,24908,24932,25,50388461,51746394,50,0.05678
13,16194,16218,25,33501056,35837395,33,0.05642
27,26800,26824,25,2298767,4947815,2,0.0563
14,17528,17552,25,66256529,68578968,66,0.05627
13,16131,16155,25,27737305,29789119,27,0.056
8,10103,10127,25,4546756,6372878,4,0.05566
9,11742,11766,25,35002290,36790663,35,0.0554
1,188,212,25,18170722,20956918,18,0.05534
10,13151,13175,25,57588822,59064328,57,0.0549
3,4711,4735,25,114962665,116448759,114,0.05485
10,13353,13377,25,78878993,81069177,78,0.05424
19,21512,21536,25,27326573,29545020,27,0.05421
8,11251,11275,25,104220117,106174871,104,0.05414
15,18625,18649,25,79187295,81869228,79,0.05403
7,8855,8879,25,5001007,6324097,5,0.05314
1,902,926,25,78449548,80269992,78,0.05289
6,8687,8711,25,113021243,114406073,113,0.0528
18,21058,21082,25,49690172,51859472,49,0.05266
6,7935,7959,25,47791866,49233626,47,0.05244
7,9755,9779,25,85071041,86617526,85,0.05243
5,6228,6252,25,1912730,3370056,1,0.05233
7,9443,9467,25,58667344,60585197,58,0.05233
17,19636,19660,25,5191623,7185597,5,0.05232
27,27046,27070,25,23430576,24913023,23,0.05202
5,7011,7035,25,86753605,88659509,86,0.05198
9,11571,11595,25,20558713,22367935,20,0.05194
8,10597,10621,25,49626726,51369892,49,0.05184
1,319,343,25,30333360,32115552,30,0.0518
8,10221,10245,25,16573737,18829234,16,0.05175
22,23640,23664,25,1456053,3394637,1,0.05174
10,13412,13436,25,84096660,85407544,84,0.05166
19,21539,21563,25,29999030,32003877,29,0.05164
5,6311,6335,25,7227616,8807063,7,0.05159
12,15135,15159,25,18804912,22372861,18,0.05152
15,18116,18140,25,35177124,37180090,35,0.05141
29,27940,27964,25,5348843,7589996,5,0.05114
8,10780,10804,25,64172559,66929546,64,0.05088
5,7191,7215,25,107220093,108417126,107,0.05041
18,21159,21183,25,58551307,63096692,58,0.05037
5,6891,6915,25,73939508,75518275,73,0.05029
28,27661,27685,25,28185694,29981371,28,0.05025
8,10934,10958,25,78656558,80993534,78,0.05024
21,23568,23592,25,66870052,68496541,66,0.05022
22,24051,24075,25,38815613,40604309,38,0.04962
24,25284,25308,25,29731061,31457933,29,0.04952
4,5780,5804,25,85384769,86948025,85,0.04936
3,3966,3990,25,59537128,61193516,59,0.04934
22,23753,23777,25,10039544,11935606,10,0.04916
8,11310,11334,25,109112032,111468003,109,0.04911
7,9164,9188,25,34861506,36599560,34,0.04893
26,26602,26626,25,36905943,38817824,36,0.0489
16,18951,18975,25,30397842,31866092,30,0.04883
29,28133,28157,25,24199232,26009040,24,0.04877
4,5670,5694,25,75602323,77249037,75,0.04824
2,2857,2881,25,85427167,89444485,85,0.04799
5,6385,6409,25,13271489,15939304,13,0.0479
16,19502,19526,25,76726251,77939430,76,0.04768
4,4906,4930,25,10689062,11948629,10,0.04753
27,27268,27292,25,40345497,42344117,40,0.04746
7,9833,9857,25,91839217,94974831,91,0.04743
22,24094,24118,25,42084440,43801163,42,0.04743
26,26426,26450,25,22526369,24575207,22,0.04726
19,21634,21658,25,37845999,39955980,37,0.04721
11,14513,14537,25,67626052,69506822,67,0.04686
4,5160,5184,25,31988357,34646998,31,0.04683
3,3623,3647,25,23479543,26417331,23,0.0468
9,11868,11892,25,50027556,51443155,50,0.04676
14,17360,17384,25,49955911,52541416,49,0.04621
19,21812,21836,25,51538272,53332410,51,0.04605
25,25789,25813,25,12296561,14541927,12,0.04593
6,8536,8560,25,103079093,104857249,103,0.04565
11,14220,14244,25,37169269,39477093,37,0.04553
11,13890,13914,25,11540044,13450833,11,0.04524
26,26678,26702,25,43687318,45642121,43,0.04514
27,27320,27340,21,43921267,45368987,43,0.04448
7,9549,9573,25,67074400,69520683,67,0.04444
1,455,479,25,40722332,42493010,40,0.04436
21,22964,22988,25,11791560,13961617,11,0.04433
4,6065,6089,25,111047303,112594246,111,0.04416
21,23497,23521,25,61180711,63178211,61,0.04393
9,12396,12420,25,97694082,98876440,97,0.04379
25,26021,26045,25,32359922,33831631,32,0.04362
9,11475,11499,25,11698024,13886215,11,0.0436
5,6735,6759,25,54745039,60556520,54,0.04347
24,25426,25450,25,40983360,43266910,40,0.04325
3,3508,3532,25,10518195,13109132,10,0.04314
11,14465,14489,25,63337021,65386179,63,0.04302
11,13967,13991,25,17254274,19125116,17,0.04262
7,9648,9672,25,76432106,78432686,76,0.04214
18,20519,20543,25,4899308,6523067,4,0.04214
15,18288,18312,25,51462696,53733504,51,0.04196
8,10443,10467,25,36641920,38203926,36,0.04172
9,11530,11554,25,16046958,18008701,16,0.04138
12,15467,15491,25,53960037,55438943,53,0.04138
12,14965,14989,25,3172154,4995556,3,0.04129
29,28391,28415,25,45974645,47744819,45,0.04107
5,6810,6834,25,66083568,68632534,66,0.04101
22,24247,24271,25,55639415,56997366,55,0.04099
1,108,132,25,8437530,11158004,8,0.04088
27,27241,27265,25,38233675,40083461,38,0.0407
3,4311,4335,25,86242539,87861675,86,0.04063
11,14543,14567,25,70134982,72808667,70,0.0406
3,3778,3802,25,39299783,41288830,39,0.04059
13,16106,16130,25,25594852,27643794,25,0.04055
1,137,161,25,12172404,15853040,12,0.04048
23,24364,24388,25,3626219,5328505,3,0.04045
8,10476,10500,25,39306605,41278368,39,0.04025
8,11149,11173,25,96324054,98175894,96,0.04022
6,7790,7814,25,35788711,38746212,35,0.0401
20,22842,22863,22,69951709,71735324,69,0.04009
13,16233,16257,25,37013486,39110625,37,0.03994
18,20600,20624,25,10351779,11862574,10,0.03986
27,26854,26878,25,9417892,11741829,9,0.03981
13,16752,16776,25,78148257,79991041,78,0.03976
12,15767,15791,25,85500588,87254702,85,0.03964
1,852,876,25,72938740,75227225,72,0.03963
8,10323,10347,25,25435054,27276610,25,0.03962
17,19898,19922,25,28338411,30360942,28,0.03961
26,26351,26375,25,16662006,18477722,16,0.03938
19,21739,21763,25,45997313,48050643,45,0.03897
11,13730,13754,25,1733607,3044180,1,0.0384
1,81,105,25,5936648,8148041,5,0.03804
4,4879,4903,25,8403456,10324170,8,0.03802
21,23171,23195,25,30058397,31679297,30,0.03794
7,9270,9294,25,42214450,43941988,42,0.03774
5,6862,6886,25,71621207,73334655,71,0.03739
12,15163,15187,25,22705057,25662403,22,0.03733
1,515,539,25,44883531,46595049,44,0.03694
4,6177,6201,25,119154746,120412745,119,0.03692
6,8404,8428,25,93551941,95360863,93,0.03681
5,7287,7311,25,113499150,115534495,113,0.03669
4,5476,5500,25,59089119,61015911,59,0.03664
11,13829,13853,25,7559695,9016028,7,0.03647
7,9022,9046,25,23568940,25577569,23,0.03637
22,23996,24020,25,32599934,35527229,32,0.03633
26,26287,26311,25,10815586,13455013,10,0.0363
3,4482,4506,25,98450919,100031161,98,0.03626
9,11800,11824,25,40400556,43960964,40,0.03622
12,15572,15596,25,63128693,65727810,63,0.03564
16,19448,19472,25,73069046,74512606,73,0.03541
6,7720,7744,25,27219218,30365819,27,0.03535
17,19992,20016,25,36297178,40367649,36,0.0353
14,16870,16894,25,4520969,6371334,4,0.03525
16,19392,19416,25,69037516,70598954,69,0.035
5,6464,6488,25,24426434,26911621,24,0.03459
3,3467,3491,25,6046690,8391057,6,0.03453
11,13785,13809,25,5038709,6407087,5,0.03436
1,1704,1728,25,145524894,147335277,145,0.03404
12,15046,15070,25,11987741,13903112,11,0.03392
28,27785,27809,25,39061596,41088934,39,0.0339
2,2947,2971,25,98217598,102634206,98,0.0338
7,9325,9349,25,46883556,48352338,46,0.03377
6,8246,8270,25,75380980,79817258,75,0.03352
3,3892,3916,25,48843387,52365157,48,0.03312
2,2891,2915,25,91221891,93961513,91,0.03308
7,9245,9269,25,40701860,42114044,40,0.03287
5,6836,6860,25,68946279,71499453,68,0.03271
14,17494,17518,25,63004255,64711479,63,0.03268
19,21839,21863,25,53473744,54645063,53,0.03258
4,5390,5414,25,51866668,54063010,51,0.03221
3,3591,3615,25,20480189,22624014,20,0.0321
11,14576,14600,25,73150873,76012286,73,0.03208
8,10839,10863,25,70145158,72949048,70,0.03189
2,2735,2759,25,69616051,71779928,69,0.0313
14,17003,17027,25,15732809,17674401,15,0.03097
9,11635,11659,25,25060966,28070840,25,0.03081
11,14908,14932,25,104812200,106708013,104,0.03081
17,19586,19610,25,1486819,3311484,1,0.03066
6,8348,8372,25,89550253,91433227,89,0.03062
4,5645,5669,25,73894130,75559460,73,0.0304
15,18475,18499,25,67218852,69097946,67,0.03037
21,23311,23335,25,42462426,44477844,42,0.03019
8,10571,10595,25,47336496,49524000,47,0.03018
24,25004,25028,25,5239672,7192353,5,0.03001
15,18166,18190,25,39656710,42149820,39,0.02993
25,25966,25990,25,27947783,29977087,27,0.02969
2,2102,2126,25,17278352,19105629,17,0.02955
6,8296,8320,25,82560990,86380834,82,0.02894
7,9372,9396,25,50276051,54147690,50,0.02875
13,16685,16709,25,73782308,75558137,73,0.02854
2,3380,3397,18,135672325,136483623,135,0.02826
8,10723,10747,25,59662409,61481458,59,0.02824
9,12279,12303,25,88760079,90521235,88,0.02793
16,19109,19133,25,43810410,47091783,43,0.02793
15,17852,17876,25,15908105,17457200,15,0.02747
8,10669,10693,25,54961322,56552376,54,0.02743
24,25104,25128,25,12318913,15077549,12,0.02618
10,13548,13572,25,92695820,94165355,92,0.02585
16,18693,18717,25,116037,2962360,0,0.02585
20,22739,22763,25,63332241,64797892,63,0.02539
2,2128,2152,25,19228789,21185174,19,0.02533
11,14166,14190,25,31872332,34205857,31,0.02518
21,23539,23563,25,64354251,66258467,64,0.02516
23,24874,24898,25,48397375,49762070,48,0.02483
2,2488,2512,25,49808137,51273999,49,0.02433
6,8458,8482,25,97826840,99341521,97,0.02431
6,8761,8780,20,117712436,119216563,117,0.02389
10,13650,13674,25,100701652,102574147,100,0.02371
5,6285,6309,25,5477307,7053234,5,0.02331
21,23467,23491,25,57948571,60475531,57,0.02324
6,8271,8295,25,79843283,82480772,79,0.02315
25,25818,25842,25,14893789,16869554,14,0.02294
4,5745,5769,25,82496288,84118706,82,0.02285
5,7231,7255,25,109560984,111475526,109,0.0228
16,19217,19241,25,54134054,56786826,54,0.02256
9,11717,11741,25,32875485,34943071,32,0.02254
4,4992,5016,25,17556319,19855620,17,0.02235
22,23723,23747,25,7077833,9404197,7,0.02211
17,19611,19635,25,3445779,5153621,3,0.02194
9,12227,12251,25,83714110,86762856,83,0.02183
5,6438,6462,25,21484201,24168373,21,0.02148
24,25129,25153,25,15103392,18248989,15,0.02147
16,19341,19365,25,65005571,66901481,65,0.02123
22,23665,23689,25,3416439,5183409,3,0.02111
26,26706,26730,25,45825261,47907512,45,0.02072
15,17924,17948,25,22469626,23946829,22,0.02038
3,3809,3833,25,41960076,43975868,41,0.01975
17,19735,19759,25,12613243,14782322,12,0.01957
4,5450,5474,25,57630023,58975234,57,0.01932
4,5807,5831,25,87086801,89708810,87,0.01924
12,15073,15097,25,14048839,15865286,14,0.01893
7,9470,9494,25,61118860,63052639,61,0.01882
4,5958,5982,25,100926620,103252542,100,0.01838
7,9701,9725,25,80906011,82923398,80,0.0172
8,10695,10719,25,57064274,59382947,57,0.01659
7,9859,9883,25,95095555,98375640,95,0.01656
24,25357,25381,25,35530139,37313598,35,0.01564
21,22939,22963,25,10042947,11680036,10,0.01504
16,19554,19573,20,80103005,81322588,80,0.0145
17,20062,20086,25,43695068,45258744,43,0.01447
18,21211,21221,11,65269893,65978584,65,0.01417
8,10754,10778,25,61915344,64068111,61,0.01384
21,23619,23624,6,70759096,71136925,70,0.01359
22,24124,24148,25,44646095,46969215,44,0.0134
13,16810,16833,24,81891671,84002346,81,0.01317
24,25643,25648,6,62079669,62643699,62,0.01238
17,19926,19950,25,30540080,32601443,30,0.01225
24,25078,25102,25,10752899,12034037,10,0.01198
5,6565,6589,25,34937478,38131225,34,0.01087
4,5505,5529,25,61376132,63058223,61,0.00971
25,26170,26174,5,42640462,42851121,42,0.00892
5,7385,7389,5,120553341,121175859,120,0.00682
9,12494,12501,8,104842677,105587941,104,0.00595
12,15840,15843,4,90983897,91091598,90,0.0059
29,28463,28466,4,50820993,51438462,50,0.00583
11,14933,14938,6,106741315,107205272,106,0.00565
22,24333,24335,3,61172869,61258859,61,0.00481
28,27880,27884,5,45916628,46173236,45,0.00465
8,11361,11365,5,113190754,113367096,113,0.00312
23,24934,24936,3,51859644,52068611,51,0.00235
17,20468,20471,4,74666629,74965918,74,0.00191
15,18690,18692,3,85011763,85257312,85,0.00114
26,26769,26775,7,51426365,51680135,51,5e-04
7,10053,10056,4,112393056,112610067,112,0.00049
4,6203,6204,2,120532487,120615269,120,0.00047
3,4795,4796,2,121275236,121374825,121,0.00016
